"","m_index","buyer"
"1",1,0.0402093372713612
"2",2,0.0262339278307756
"3",3,0.0218394978471754
"4",4,0.0179456414001774
"5",5,0.0166000614817092
