"","r_index","buyer"
"1",1,0.0399526943644591
"2",2,0.0293934033919467
"3",3,0.0203807853051958
"4",4,0.0173458292341946
"5",5,0.0155834679731068
