"","f_index","buyer"
"1",1,0.0429783027212654
"2",2,0.0311452628137006
"3",3,0.0217964492880998
"4",4,0.0203647578029457
"5",5,0.0152660823738328
